SGD-IR,SGD-DA-IR,SGD-L2-DA-IR,SGD-L2-IR,SGD,SGD-L2-DA,SGD-L2,SGD-DA
0.37215739488601685,0.3854379653930664,0.33164945244789124,0.27644044160842896,0.5558063387870789,0.5416778922080994,0.5489704608917236,0.5053842067718506
0.4312921464443207,0.4224313497543335,0.4847160875797272,0.410971075296402,0.6661126613616943,0.7324929237365723,0.6788323521614075,0.5810906291007996
0.5196173191070557,0.49875521659851074,0.5198655128479004,0.509202241897583,0.7189406156539917,0.7076658010482788,0.7298688888549805,0.6860024333000183
0.5458164811134338,0.5476918816566467,0.5222967267036438,0.4894988238811493,0.7642926573753357,0.7811914086341858,0.7455873489379883,0.7786310315132141
0.6159112453460693,0.5760757923126221,0.5838015675544739,0.5768929719924927,0.8612905740737915,0.8084535598754883,0.7540069222450256,0.7966221570968628
0.6545583605766296,0.6620446443557739,0.6352932453155518,0.6343663930892944,0.8410528302192688,0.7622454166412354,0.7429494261741638,0.7720062136650085
0.6759623885154724,0.6289643049240112,0.6224897503852844,0.6790370345115662,0.842178463935852,0.8340075016021729,0.7488479018211365,0.824228048324585
0.7161968946456909,0.7043464183807373,0.6500155925750732,0.6554062366485596,0.8445178866386414,0.9385014772415161,0.7853296995162964,0.7924724817276001
0.7048901915550232,0.7217687368392944,0.6923340559005737,0.7241829037666321,0.881442129611969,0.9200485944747925,0.8228330016136169,0.8933421969413757
0.7256377935409546,0.7375057935714722,0.7109970450401306,0.6854827404022217,0.8416467905044556,0.8488752245903015,0.8761842250823975,0.834209144115448
0.7299759387969971,0.748508095741272,0.7730536460876465,0.7278540730476379,1.0041306018829346,0.8972324132919312,0.8702690005302429,0.9168877005577087
0.6885208487510681,0.776296079158783,0.7248619198799133,0.6943706274032593,0.9275139570236206,0.755100429058075,0.8862786293029785,0.8090739250183105
0.7154766321182251,0.7616026401519775,0.7884048223495483,0.6894921064376831,1.0036150217056274,0.727751612663269,0.7579907774925232,0.7709394693374634
0.7365798354148865,0.7806304097175598,0.8810961842536926,0.7704875469207764,1.0981744527816772,0.8724206686019897,0.8800892233848572,0.889336109161377
0.7296321988105774,0.7839164733886719,0.7860370874404907,0.72780442237854,1.1765060424804688,0.790290892124176,0.8948137760162354,0.8893269300460815
0.7406795024871826,0.7358925342559814,0.8162975907325745,0.7122043967247009,1.1968375444412231,0.7737852931022644,1.0383886098861694,0.7891300320625305
0.7656332850456238,0.797471284866333,0.802306592464447,0.7591764330863953,1.1322600841522217,0.8372295498847961,0.923190712928772,0.8942644596099854
0.774664580821991,0.791131317615509,0.7520929574966431,0.7529134154319763,1.1910202503204346,0.8787661194801331,0.9296719431877136,0.8090431094169617
0.7715799808502197,0.7423648238182068,0.8124421238899231,0.7115004062652588,1.2965086698532104,0.8366714715957642,0.9085546731948853,0.7701550126075745
0.8014395833015442,0.7961305975914001,0.8317450881004333,0.7136881351470947,1.4721318483352661,0.7859403491020203,0.9610271453857422,0.8374881148338318
0.7916510701179504,0.7571596503257751,0.757504403591156,0.6818190813064575,1.4873608350753784,0.8564110398292542,1.0258305072784424,0.8350093960762024
0.8070191144943237,0.8072471022605896,0.8609869480133057,0.7872779965400696,1.5715891122817993,0.7502413988113403,0.9548361301422119,0.854328989982605
0.8312655091285706,0.804948091506958,0.9698309898376465,0.7417765855789185,1.552135705947876,0.8959906101226807,1.0381532907485962,0.9593681693077087
0.7780943512916565,0.7614960074424744,0.7728598713874817,0.7053852677345276,1.6579291820526123,0.8731423616409302,0.935024082660675,0.8219824433326721
0.8233259916305542,0.768345832824707,0.7977538704872131,0.7720251679420471,1.689720630645752,0.8202350735664368,1.0451958179473877,0.8515177965164185
0.8437309265136719,0.7870403528213501,0.789490282535553,0.8439316749572754,1.7428959608078003,0.8180165886878967,0.934791088104248,0.8607134222984314
0.8483769297599792,0.7555880546569824,0.7894175052642822,0.8243792057037354,1.7465486526489258,0.8363952040672302,1.0528053045272827,0.9017397165298462
0.8584267497062683,0.8017902374267578,0.7930439114570618,0.81514972448349,1.8109976053237915,0.7594027519226074,1.0132263898849487,0.9059891104698181
0.8539596199989319,0.7217534184455872,0.8268279433250427,0.7754367589950562,1.9350194931030273,0.8141230940818787,0.9964601397514343,0.9184369444847107
0.8876279592514038,0.7831581830978394,0.8114650249481201,0.7990063428878784,1.9015356302261353,0.9968059659004211,1.0511043071746826,0.8719353675842285
0.923380970954895,0.8030197024345398,0.7573509216308594,0.7386267781257629,1.9475444555282593,0.8022245168685913,1.101767897605896,0.9629402160644531
0.9125440716743469,0.7314839959144592,0.8558861613273621,0.7698090672492981,1.9147071838378906,0.8360249400138855,1.0576541423797607,0.9060556292533875
0.9499982595443726,0.8037974834442139,0.8072933554649353,0.8027876615524292,1.9696091413497925,0.9558694958686829,1.0407627820968628,0.9347993731498718
0.9698082208633423,0.7925041317939758,0.8021968007087708,0.8281815648078918,1.9793016910552979,0.861143171787262,1.108795404434204,1.005002737045288
1.0081366300582886,0.742820680141449,0.6901748776435852,0.7466714382171631,1.971784234046936,0.893104076385498,1.1398745775222778,0.9248253107070923
0.996060848236084,0.869534969329834,0.9398112893104553,0.9219605922698975,2.0789642333984375,0.8858688473701477,1.0585217475891113,0.9562241435050964
1.0821014642715454,0.8187859654426575,0.7704499959945679,0.8061185479164124,2.0426578521728516,0.9196171164512634,1.1406320333480835,1.002339482307434
1.0813173055648804,0.7644189596176147,0.7810704708099365,0.7943549156188965,2.0403847694396973,0.864770770072937,1.0694485902786255,1.0451984405517578
1.1242575645446777,0.7884443402290344,0.8186094760894775,0.9193549752235413,2.0705294609069824,0.8018569946289062,1.1249744892120361,1.0007545948028564
1.0983271598815918,0.7364177703857422,0.7472840547561646,0.7846972346305847,2.084787130355835,0.7941349148750305,1.0228604078292847,1.0348005294799805
1.0808073282241821,0.8053025603294373,0.8489454388618469,0.8880553841590881,2.067902088165283,0.8363009095191956,1.1007802486419678,1.096397876739502
1.195572018623352,0.7736764550209045,0.7629292607307434,0.8513882160186768,2.070779323577881,0.8142375349998474,1.0945225954055786,1.1172997951507568
1.2188485860824585,0.7674351334571838,0.8384477496147156,0.7362916469573975,2.0879082679748535,0.9503082036972046,1.0998808145523071,1.0123463869094849
1.248497486114502,0.7777444124221802,0.8527777194976807,0.9036428332328796,2.1162092685699463,0.8908946514129639,1.1724817752838135,1.1009126901626587
1.3091837167739868,0.795985996723175,0.7976674437522888,0.760433554649353,2.1174631118774414,0.8317732214927673,1.1229239702224731,1.0408949851989746
1.2471325397491455,0.7906377911567688,0.775597333908081,0.7962753772735596,2.1121037006378174,0.9201761484146118,1.3014624118804932,1.131422519683838
1.2415839433670044,0.8069106936454773,0.8857096433639526,0.8800617456436157,2.121034622192383,0.8238056898117065,1.1212667226791382,1.1292508840560913
1.3355125188827515,0.7750257253646851,0.7193155288696289,0.8161500692367554,2.1213574409484863,0.7950842380523682,1.2115236520767212,1.082645058631897
1.3641266822814941,0.7784695625305176,0.8031088709831238,0.7879301309585571,2.131364583969116,0.9072331786155701,1.1588194370269775,1.1258320808410645
1.3701887130737305,0.8090770244598389,0.8573837876319885,0.8727760314941406,2.1424436569213867,0.8244300484657288,1.3226765394210815,1.1004713773727417
1.3590182065963745,0.854022741317749,0.7573775053024292,0.8390196561813354,2.1380438804626465,0.950065016746521,1.2699412107467651,1.1639033555984497
1.4089648723602295,0.8010774254798889,0.7985363006591797,0.8837301135063171,2.153533935546875,0.817898690700531,1.0961792469024658,1.1480964422225952
1.4174097776412964,0.7959887981414795,0.7414678335189819,0.7594616413116455,2.1450107097625732,0.9312165379524231,1.1308053731918335,1.1258594989776611
1.4085443019866943,0.7779645323753357,0.8490316867828369,0.7625821828842163,2.1553688049316406,0.9272245168685913,1.1498759984970093,1.1631189584732056
1.4015283584594727,0.8133876919746399,0.7670817971229553,0.7817519903182983,2.1466071605682373,0.9169213771820068,1.2189524173736572,1.2316287755966187
1.4905281066894531,0.7951472401618958,0.7990176677703857,0.8261650204658508,2.1625285148620605,0.8770784735679626,1.1720433235168457,1.2007622718811035
1.588875412940979,0.8324330449104309,0.8200467824935913,0.9990362524986267,2.1606340408325195,0.8349584341049194,1.1462185382843018,1.2597509622573853
1.5440292358398438,0.8482803702354431,0.8049145936965942,0.7870780229568481,2.172619104385376,0.8060854077339172,1.3694167137145996,1.2341169118881226
1.518776535987854,0.8053714632987976,0.7582817673683167,0.7826701402664185,2.1686301231384277,0.8586941361427307,1.1997994184494019,1.2970410585403442
1.6077954769134521,0.8475786447525024,0.7329614162445068,0.8396418690681458,2.166090726852417,0.9591898322105408,1.2177165746688843,1.2672741413116455
1.5540823936462402,0.7950469255447388,0.7372980117797852,0.8082404732704163,2.179408311843872,0.8239201903343201,1.1707446575164795,1.2861335277557373
1.6402919292449951,0.7995720505714417,0.7656431794166565,0.7849742770195007,2.1916451454162598,0.900128185749054,1.200378179550171,1.283335566520691
1.5915369987487793,0.8204098343849182,0.9445105791091919,0.8524057865142822,2.194462299346924,0.8503771424293518,1.2483177185058594,1.2671555280685425
1.6477243900299072,0.8547350764274597,0.7965052723884583,0.8140950202941895,2.1832568645477295,0.8382772207260132,1.2465745210647583,1.2958545684814453
1.635589361190796,0.9026933312416077,0.7347056865692139,0.821772038936615,2.1883060932159424,0.8817864656448364,1.3484653234481812,1.3427242040634155
1.6275326013565063,0.8872061371803284,0.7893399000167847,0.8157679438591003,2.192533493041992,0.9131870269775391,1.2865489721298218,1.2655913829803467
1.666238784790039,0.8267761468887329,0.7067556381225586,0.8025232553482056,2.1822822093963623,0.8557003736495972,1.229048728942871,1.2987579107284546
1.745762825012207,0.8181498646736145,0.748572826385498,0.8681839108467102,2.197720766067505,0.808760404586792,1.159912109375,1.2979236841201782
1.6991245746612549,0.8614593744277954,0.7509852647781372,0.7929937839508057,2.1976311206817627,0.9130862355232239,1.2579829692840576,1.305116891860962
1.7489975690841675,0.8561879992485046,0.7598438262939453,0.8367111682891846,2.2063684463500977,0.8966590762138367,1.1669068336486816,1.3612767457962036
1.7177683115005493,0.8637113571166992,0.8719853162765503,0.9619666934013367,2.2044241428375244,0.8580775260925293,1.3176902532577515,1.3679345846176147
1.7386380434036255,0.8761605620384216,0.8789370656013489,0.8226159811019897,2.1919808387756348,0.8185710310935974,1.2585710287094116,1.3377623558044434
1.7301994562149048,0.8706017136573792,0.7880741953849792,0.8280574083328247,2.210707187652588,0.8922104835510254,1.1981964111328125,1.341398000717163
1.7770277261734009,0.9053401350975037,0.7861767411231995,0.8273956775665283,2.2131693363189697,0.8834075927734375,1.2269822359085083,1.4012792110443115
1.7912731170654297,0.9216129183769226,0.7545204162597656,0.8206667304039001,2.2150626182556152,0.8817336559295654,1.2432470321655273,1.4039955139160156
1.8186007738113403,0.9342150688171387,0.8241716027259827,0.8480862975120544,2.214000940322876,0.8873590230941772,1.2306082248687744,1.4439918994903564
1.7947659492492676,0.8830440640449524,0.7339488863945007,0.8232572674751282,2.2110140323638916,0.7899144291877747,1.2321161031723022,1.408617615699768
1.8046901226043701,0.8605128526687622,0.8223505616188049,0.8526533246040344,2.215648889541626,0.796486496925354,1.3183891773223877,1.498576045036316
1.8130855560302734,0.9148777723312378,0.8576169013977051,0.8276376128196716,2.2213006019592285,0.9822540879249573,1.2147438526153564,1.4520293474197388
1.8373878002166748,0.8833357691764832,0.7881273031234741,0.9000239968299866,2.2265260219573975,0.9562985301017761,1.3742026090621948,1.5047937631607056
1.8043558597564697,0.9150462746620178,0.7112187147140503,0.8177772164344788,2.2196266651153564,0.9909035563468933,1.336241364479065,1.5006364583969116
1.8412116765975952,0.9122467637062073,0.7621367573738098,0.9077012538909912,2.2191779613494873,0.9964005351066589,1.3091621398925781,1.4733670949935913
1.831409215927124,0.9022279977798462,0.7240176200866699,0.865333616733551,2.2180140018463135,0.9062305092811584,1.253692626953125,1.5026894807815552
1.838144302368164,0.9648603796958923,0.7225601077079773,0.9006777405738831,2.2247464656829834,0.8738173246383667,1.248825192451477,1.5230202674865723
1.8389999866485596,1.030685544013977,0.8374515771865845,0.9476826190948486,2.2316219806671143,1.0076712369918823,1.4540104866027832,1.5541245937347412
1.8489806652069092,0.8993287086486816,0.7893305420875549,0.873765766620636,2.2318241596221924,0.9013239741325378,1.3131166696548462,1.5073202848434448
1.8512998819351196,0.8996505737304688,0.7885501980781555,0.9071921110153198,2.235283374786377,0.8066155910491943,1.2966828346252441,1.5150190591812134
1.8552393913269043,0.9521856307983398,0.7431924939155579,0.9014530777931213,2.2315826416015625,0.8448870778083801,1.2706706523895264,1.574167013168335
1.8574753999710083,0.9429036974906921,0.7679871916770935,0.9251434803009033,2.233884572982788,0.8985752463340759,1.3814815282821655,1.5163073539733887
1.8646881580352783,0.9852036237716675,0.7846062183380127,0.9305107593536377,2.244635581970215,0.8354265093803406,1.2656153440475464,1.5792226791381836
1.8692830801010132,0.9531962871551514,0.8993118405342102,0.9844080805778503,2.245361566543579,0.8780304193496704,1.2848738431930542,1.5891165733337402
1.8635667562484741,0.9192646741867065,0.7009975910186768,0.9150760769844055,2.232161045074463,0.9843141436576843,1.3204630613327026,1.5742141008377075
1.8759123086929321,0.9917289018630981,0.7255170941352844,0.8611142635345459,2.2456297874450684,0.9078013896942139,1.4636536836624146,1.5978258848190308
1.88279128074646,0.9791775345802307,0.7684587240219116,0.9602729678153992,2.2409515380859375,0.9743055105209351,1.2953225374221802,1.568346381187439
1.8828849792480469,0.9638166427612305,0.7919207215309143,0.8779736161231995,2.2527642250061035,0.8916857242584229,1.2706152200698853,1.6403939723968506
1.8865394592285156,1.009244441986084,0.7066676020622253,0.9108297824859619,2.242097854614258,1.1720595359802246,1.230196237564087,1.6433274745941162
1.8901913166046143,0.9543856978416443,0.7493616938591003,0.904567539691925,2.2436699867248535,0.9010276198387146,1.294859766960144,1.6644359827041626
1.8934807777404785,0.9991575479507446,0.7533840537071228,0.8168997764587402,2.239271402359009,0.9077900648117065,1.2820944786071777,1.6892204284667969
1.9001197814941406,1.022727608680725,0.746890664100647,0.9296102523803711,2.24413800239563,0.8558549284934998,1.2620331048965454,1.6540104150772095
1.9052653312683105,1.0208765268325806,0.7420892119407654,0.9033800959587097,2.251307487487793,0.9067326784133911,1.2780038118362427,1.689544439315796
1.9061357975006104,1.0320172309875488,0.7764511108398438,0.9506902694702148,2.2559661865234375,0.937319278717041,1.3003039360046387,1.684366226196289
1.9131468534469604,1.043635368347168,0.7779358625411987,0.8615545034408569,2.2565174102783203,0.9168491959571838,1.3354507684707642,1.6879863739013672
1.9114532470703125,1.0258463621139526,0.7447382211685181,0.8943279981613159,2.253267526626587,0.94991135597229,1.3391283750534058,1.7431451082229614
1.914544939994812,1.0550636053085327,0.7379021644592285,0.9357573986053467,2.249209403991699,0.8558602333068848,1.350961685180664,1.6835936307907104
1.9252690076828003,1.0082160234451294,0.7547075748443604,0.9373689889907837,2.2555625438690186,0.9312033653259277,1.249428391456604,1.714548110961914
1.921217679977417,1.028950572013855,0.809779942035675,0.9325814247131348,2.253039836883545,0.8978043794631958,1.2667399644851685,1.6797821521759033
1.92245614528656,1.0415027141571045,0.7514078617095947,0.9269445538520813,2.2611241340637207,0.8153097629547119,1.2420035600662231,1.7099603414535522
1.9246591329574585,1.0350377559661865,0.766051709651947,0.8726625442504883,2.252199649810791,0.8995558023452759,1.346617579460144,1.7223351001739502
1.9364405870437622,1.0683152675628662,0.7602316737174988,0.8851561546325684,2.265632390975952,0.978948712348938,1.440360426902771,1.7710281610488892
1.9285824298858643,1.1082122325897217,0.728399395942688,0.9904014468193054,2.2571043968200684,0.8570849299430847,1.2596629858016968,1.7485930919647217
1.9400336742401123,1.0694926977157593,0.7176618576049805,0.915875256061554,2.261991500854492,0.9176629781723022,1.323617696762085,1.7279527187347412
1.9367756843566895,1.0772349834442139,0.8225176930427551,1.0208293199539185,2.2788264751434326,0.8908729553222656,1.2205275297164917,1.7471725940704346
1.9396259784698486,1.0823758840560913,0.8187470436096191,0.969509482383728,2.2669050693511963,0.9747788310050964,1.3785793781280518,1.771077275276184
1.940983533859253,1.1182823181152344,0.7347284555435181,0.8969914317131042,2.27081036567688,0.971854031085968,1.2288217544555664,1.7636125087738037
1.9386577606201172,1.1164835691452026,0.7419808506965637,0.9833927154541016,2.2581026554107666,0.8635858297348022,1.3044195175170898,1.8200814723968506
1.9411300420761108,1.113756537437439,0.7504398226737976,0.9367190599441528,2.2675459384918213,0.8621624708175659,1.2631980180740356,1.7997406721115112
1.9402145147323608,1.1737135648727417,0.7130541205406189,0.9168264865875244,2.2619404792785645,0.9246071577072144,1.2869569063186646,1.8223878145217896
1.943738579750061,1.1226027011871338,0.7736808061599731,0.9409255981445312,2.2620084285736084,0.8819539546966553,1.2560527324676514,1.828428030014038
1.947676420211792,1.154801845550537,0.7725008726119995,0.9275843501091003,2.266617774963379,0.9494268894195557,1.2766039371490479,1.828366756439209
1.9447295665740967,1.136049747467041,0.8136003017425537,0.9576870203018188,2.26623272895813,0.8414167165756226,1.29520845413208,1.8707304000854492
1.951532006263733,1.1533687114715576,0.7375958561897278,0.9970512390136719,2.2763774394989014,0.8690207600593567,1.3205150365829468,1.8631547689437866
1.9556190967559814,1.1819807291030884,0.7169137597084045,0.945793628692627,2.2711853981018066,0.8843829035758972,1.2907382249832153,1.8231396675109863
1.958554983139038,1.1654373407363892,0.75936359167099,0.9580200910568237,2.274212598800659,0.9587205052375793,1.3494021892547607,1.8430027961730957
1.9532339572906494,1.148428201675415,0.7291089296340942,0.9415347576141357,2.2650208473205566,0.9032086133956909,1.25247061252594,1.844333291053772
1.9563560485839844,1.1886963844299316,0.7248651385307312,1.0015971660614014,2.269472122192383,0.942735493183136,1.2399777173995972,1.8316863775253296
1.9553219079971313,1.1991727352142334,0.7518013119697571,0.9951179623603821,2.273797035217285,0.8572378754615784,1.178546667098999,1.8894720077514648
1.956605076789856,1.1916656494140625,0.714947521686554,0.9414636492729187,2.2713494300842285,0.9083255529403687,1.0995312929153442,1.8724812269210815
1.965735673904419,1.179864764213562,0.7363038659095764,1.0534802675247192,2.2819440364837646,0.9759789705276489,1.0550153255462646,1.9158605337142944
1.958432912826538,1.2103430032730103,0.763299822807312,0.9990043044090271,2.2683639526367188,0.9957150816917419,1.024608850479126,1.8506033420562744
1.9654842615127563,1.212516188621521,0.7195910215377808,1.0310221910476685,2.278388261795044,0.8841882348060608,1.0046278238296509,1.8703656196594238
1.9595985412597656,1.199325680732727,0.7216130495071411,1.0023316144943237,2.2683069705963135,0.9072912931442261,0.9849534630775452,1.8678979873657227
1.965394377708435,1.2313553094863892,0.7065143585205078,0.9544656872749329,2.2718751430511475,0.9542471766471863,0.9711828827857971,1.879218578338623
1.9729770421981812,1.222499966621399,0.843072772026062,0.983697772026062,2.2829997539520264,0.918865978717804,0.9536114931106567,1.887288212776184
1.9594653844833374,1.227030873298645,0.7226315140724182,1.0070604085922241,2.2777929306030273,0.9539902210235596,0.940005898475647,1.8863375186920166
1.9603182077407837,1.2083646059036255,0.732384443283081,0.9913924336433411,2.273163318634033,0.9300506114959717,0.932698130607605,1.9091848134994507
1.9716825485229492,1.2425264120101929,0.7654187083244324,0.990707278251648,2.2780842781066895,0.9571511745452881,0.9260241985321045,1.9301393032073975
1.969029188156128,1.2512147426605225,0.7258540391921997,0.9892446398735046,2.27649188041687,0.9185853600502014,0.9168760776519775,1.902422547340393
1.9762439727783203,1.2448060512542725,0.7358247637748718,0.9884772896766663,2.292776107788086,0.8748957514762878,0.9116761088371277,1.927100658416748
1.9722157716751099,1.2319684028625488,0.699924886226654,0.957491934299469,2.274564504623413,0.9241602420806885,0.9067590236663818,1.9179353713989258
1.9733954668045044,1.2650673389434814,0.7343689203262329,1.0099835395812988,2.278049945831299,0.9140135645866394,0.9056143760681152,1.9295597076416016
1.9781899452209473,1.2431190013885498,0.7301951050758362,0.9614371061325073,2.288147449493408,0.9060465097427368,0.8998462557792664,1.9289246797561646
1.975002646446228,1.2687991857528687,0.6983214616775513,0.9814726710319519,2.280862331390381,0.916693925857544,0.8955265879631042,1.9321157932281494
1.9764078855514526,1.291240930557251,0.7738050222396851,1.0007749795913696,2.27477765083313,0.9030786752700806,0.8953161835670471,1.92597234249115
1.97992742061615,1.286946415901184,0.7244783043861389,1.001866102218628,2.28546404838562,0.9947400689125061,0.8937005996704102,1.9392064809799194
1.981102705001831,1.289204716682434,0.7003767490386963,0.980946958065033,2.2845637798309326,0.975342869758606,0.8923181891441345,1.913706660270691
1.9788390398025513,1.2960604429244995,0.7407588362693787,0.965921938419342,2.283456325531006,0.9419060945510864,0.8920210003852844,1.930985450744629
1.9741402864456177,1.308327317237854,0.7266849279403687,0.9585907459259033,2.2735350131988525,0.9679507613182068,0.888578474521637,1.9440823793411255
1.9802199602127075,1.3001724481582642,0.725739061832428,0.9610854983329773,2.282897472381592,0.9131609201431274,0.8869777917861938,1.9341474771499634
1.9769128561019897,1.324536919593811,0.7411370873451233,0.9587841033935547,2.2888386249542236,0.9222195148468018,0.8895807862281799,1.9393237829208374
1.9866594076156616,1.3171439170837402,0.7186648845672607,0.9443151354789734,2.2980458736419678,0.9502041935920715,0.8893470168113708,1.9371424913406372
1.9823081493377686,1.3249388933181763,0.7199177742004395,0.9402762055397034,2.278357744216919,0.943790853023529,0.8912039995193481,1.9258795976638794
1.9857070446014404,1.3372042179107666,0.740328311920166,0.9334511160850525,2.289051055908203,0.9519250392913818,0.8913670778274536,1.9489821195602417
1.985350251197815,1.3328442573547363,0.7297701239585876,0.9240655899047852,2.2776787281036377,0.8957909941673279,0.8881716728210449,1.9437111616134644
1.986890196800232,1.3447390794754028,0.7245558500289917,0.9157668948173523,2.2851722240448,0.9613454341888428,0.8884686827659607,1.9574600458145142
1.9830490350723267,1.3407106399536133,0.7434768080711365,0.9106166958808899,2.2919352054595947,0.8963289856910706,0.889031708240509,1.9620414972305298
1.9865573644638062,1.341221809387207,0.7245108485221863,0.9095624685287476,2.2904574871063232,0.9337256550788879,0.8906301259994507,1.965334415435791
1.9834136962890625,1.362926721572876,0.7390644550323486,0.9079729914665222,2.2828149795532227,0.9112523794174194,0.8955013155937195,1.9514511823654175
1.9829025268554688,1.3652873039245605,0.7321082353591919,0.9082577228546143,2.2860209941864014,0.935363233089447,0.8907588124275208,1.9538273811340332
1.9858020544052124,1.3527636528015137,0.7292940616607666,0.905205488204956,2.2877705097198486,0.9411238431930542,0.891464114189148,1.9464956521987915
1.9881343841552734,1.3603612184524536,0.7334229946136475,0.8991436958312988,2.282707452774048,0.93711256980896,0.8934505581855774,1.9636327028274536
1.9908558130264282,1.3711107969284058,0.7388194799423218,0.8973066210746765,2.290719509124756,0.9464516639709473,0.890926718711853,1.9653855562210083
1.9895814657211304,1.3677972555160522,0.7125199437141418,0.8971450328826904,2.290944814682007,0.9469019770622253,0.892432689666748,1.9625136852264404
1.9922618865966797,1.3649637699127197,0.7336378693580627,0.8890509605407715,2.2930185794830322,0.947048008441925,0.8921576142311096,1.9642434120178223
1.9903961420059204,1.3706320524215698,0.7629029154777527,0.8920994997024536,2.288057565689087,0.9404197335243225,0.8929997682571411,1.9621549844741821
1.9851551055908203,1.3668338060379028,0.7323606014251709,0.8882285356521606,2.2794346809387207,0.9776409864425659,0.8897762894630432,1.9478302001953125
1.9883862733840942,1.3760696649551392,0.7299404144287109,0.8855378031730652,2.2866742610931396,0.9562509655952454,0.8916162252426147,1.9564919471740723
1.9920710325241089,1.3781789541244507,0.7392371892929077,0.8875792622566223,2.291417360305786,0.9515734910964966,0.8946141004562378,1.9635106325149536
1.9847874641418457,1.3761988878250122,0.7338526248931885,0.8834381103515625,2.2841718196868896,0.9336951971054077,0.8934928178787231,1.963452696800232
1.9875050783157349,1.3733394145965576,0.7254517674446106,0.8849694132804871,2.2900478839874268,0.9409171342849731,0.8952510952949524,1.9724931716918945
1.9876574277877808,1.3751189708709717,0.7320145964622498,0.8836705088615417,2.282776117324829,0.925414502620697,0.8934511542320251,1.9642127752304077
1.9916965961456299,1.3803426027297974,0.7399799823760986,0.881112813949585,2.284790515899658,0.922304093837738,0.8920961022377014,1.9709382057189941
1.9924678802490234,1.3940492868423462,0.7498728036880493,0.8822000026702881,2.283442258834839,0.9366002082824707,0.8950740098953247,1.9625457525253296
1.995927095413208,1.3921129703521729,0.7342274188995361,0.8814771175384521,2.290360450744629,0.9339656233787537,0.8951004147529602,1.9729019403457642
1.992701768875122,1.3923230171203613,0.7387222647666931,0.8795734643936157,2.288672924041748,0.9281934499740601,0.8963374495506287,1.975448727607727
1.9919604063034058,1.401623249053955,0.7407940626144409,0.8818654417991638,2.2933216094970703,0.9306210875511169,0.8947739601135254,1.9729617834091187
1.98410165309906,1.390938639640808,0.7372289896011353,0.8772087097167969,2.282538414001465,0.9315381646156311,0.8940333724021912,1.9665513038635254
1.990622878074646,1.4004454612731934,0.7638821601867676,0.8804785013198853,2.2880301475524902,0.9364660382270813,0.8958513140678406,1.9738222360610962
1.9894670248031616,1.3963032960891724,0.7489251494407654,0.8798331022262573,2.285378932952881,0.9364079833030701,0.8951266407966614,1.9753031730651855
1.9906134605407715,1.4010345935821533,0.7496203184127808,0.8802305459976196,2.291084051132202,0.9295081496238708,0.8947901129722595,1.9692367315292358
1.991659164428711,1.397229790687561,0.751449704170227,0.8788732886314392,2.287555456161499,0.9304296970367432,0.894564151763916,1.9644200801849365
1.987349510192871,1.3983447551727295,0.7504382729530334,0.8784587979316711,2.284980058670044,0.9337884187698364,0.8946680426597595,1.9624481201171875
1.9941673278808594,1.4046275615692139,0.7508257031440735,0.8802489042282104,2.2943766117095947,0.9279197454452515,0.89542555809021,1.973084807395935
1.9941775798797607,1.4060684442520142,0.7525195479393005,0.8790691494941711,2.2900917530059814,0.9286450147628784,0.8956217765808105,1.9691095352172852
1.993594765663147,1.4002079963684082,0.7506187558174133,0.8805171847343445,2.284830331802368,0.9299396872520447,0.8943085670471191,1.9714727401733398
1.9931524991989136,1.4074435234069824,0.7517924904823303,0.8802670836448669,2.2890119552612305,0.9302629828453064,0.8962386250495911,1.972637414932251
1.9907567501068115,1.3981341123580933,0.7471058368682861,0.874411404132843,2.280843496322632,0.9280264377593994,0.8950090408325195,1.9652998447418213
1.9899876117706299,1.4041705131530762,0.7507458329200745,0.8786540031433105,2.2857272624969482,0.9297025203704834,0.8957024216651917,1.9703706502914429
1.9910855293273926,1.4046388864517212,0.7559415102005005,0.8778102993965149,2.289440155029297,0.9316223859786987,0.8973507285118103,1.9662940502166748
1.9894013404846191,1.4049043655395508,0.7495657205581665,0.8789623379707336,2.2877659797668457,0.9286165237426758,0.8980479836463928,1.9743683338165283
1.9927036762237549,1.4051096439361572,0.7539889216423035,0.8791620135307312,2.288674831390381,0.9273493885993958,0.8957411050796509,1.9751042127609253
1.9958317279815674,1.4048823118209839,0.7502521276473999,0.8796670436859131,2.293163776397705,0.9294720888137817,0.8965628743171692,1.971988558769226
1.9931299686431885,1.3965473175048828,0.7524183392524719,0.8789023756980896,2.281820774078369,0.9305911660194397,0.8959186673164368,1.9657856225967407
1.9939966201782227,1.4065390825271606,0.7546701431274414,0.8784672617912292,2.2905991077423096,0.930263102054596,0.8976031541824341,1.970934271812439
1.988644003868103,1.4008831977844238,0.7530311942100525,0.8778749108314514,2.285547971725464,0.9264482855796814,0.8960428237915039,1.9670641422271729
1.9910411834716797,1.3981881141662598,0.7545482516288757,0.8793954849243164,2.2890501022338867,0.9277334213256836,0.8984923958778381,1.9680558443069458
1.9940707683563232,1.4074944257736206,0.7558504343032837,0.8785953521728516,2.291821002960205,0.9275900721549988,0.8976782560348511,1.979303240776062
1.9947702884674072,1.404448390007019,0.7535675764083862,0.8792687058448792,2.2955219745635986,0.9259033799171448,0.8968192934989929,1.9768544435501099
1.9945753812789917,1.3981523513793945,0.7515121102333069,0.8796287775039673,2.2875723838806152,0.9274238348007202,0.8978456258773804,1.967746376991272
1.9877429008483887,1.4014887809753418,0.7544145584106445,0.8777518272399902,2.280097007751465,0.9287595748901367,0.8961032629013062,1.9721580743789673
1.9921225309371948,1.4007039070129395,0.7549521327018738,0.8773206472396851,2.290578842163086,0.9312567114830017,0.895999014377594,1.9638882875442505
