SGD-DA,SGD-L2,SGD-L2-DA,SGD,SGD-IR,SGD-DA-IR,SGD-L2-DA-IR,SGD-L2-IR
4.0753865242004395,3.7507195472717285,4.005272388458252,3.964292526245117,4.273373126983643,4.329913139343262,4.2876434326171875,4.348233699798584
3.6426584720611572,3.5203857421875,3.866384983062744,3.4626874923706055,4.038724899291992,4.059095859527588,4.132383823394775,4.063685894012451
3.473703145980835,3.0715959072113037,3.2398040294647217,3.0628788471221924,3.7541677951812744,3.860332727432251,3.9741976261138916,3.8111085891723633
3.2213845252990723,2.594510793685913,2.9315991401672363,2.8673996925354004,3.62400221824646,3.77843976020813,3.7851428985595703,3.726924419403076
2.888352870941162,2.4354355335235596,2.6557424068450928,2.7633960247039795,3.3895115852355957,3.527070999145508,3.7128992080688477,3.425166368484497
2.535890579223633,2.3550641536712646,2.4603679180145264,2.576493978500366,3.2886295318603516,3.4873414039611816,3.543534278869629,3.2327768802642822
2.4119789600372314,2.1623342037200928,2.5195791721343994,2.5200917720794678,3.138205051422119,3.365809679031372,3.3728835582733154,3.3866560459136963
2.311016321182251,2.166893243789673,2.6760332584381104,2.289820909500122,3.08860182762146,3.2912964820861816,3.3704354763031006,2.993989944458008
2.3756401538848877,2.197509527206421,2.5322351455688477,2.306765556335449,2.7882213592529297,3.024764060974121,3.1156156063079834,2.9732699394226074
2.232426881790161,2.3177568912506104,2.2067956924438477,2.1603119373321533,2.649904251098633,2.9287734031677246,2.870704174041748,2.6610429286956787
2.340374231338501,2.1564295291900635,2.335932731628418,2.5328006744384766,2.702883243560791,2.8820674419403076,2.9865825176239014,2.728393316268921
1.9845846891403198,2.1735799312591553,1.936232328414917,2.273860454559326,2.3888256549835205,2.7784178256988525,2.662921905517578,2.531982183456421
1.8551160097122192,1.8635077476501465,1.7857412099838257,2.3226850032806396,2.4288597106933594,2.573593854904175,2.7300572395324707,2.4647819995880127
2.2058002948760986,2.2600672245025635,2.1542084217071533,2.5463404655456543,2.376271963119507,2.583317995071411,2.7517189979553223,2.5820226669311523
2.0866713523864746,2.190485954284668,1.9086893796920776,2.596146821975708,2.276836633682251,2.4762396812438965,2.6653270721435547,2.467745780944824
1.7556324005126953,2.46940279006958,1.82839834690094,2.6789472103118896,2.152134656906128,2.3952817916870117,2.8302879333496094,2.3379664421081543
1.9430073499679565,2.102626085281372,1.9928572177886963,2.469799518585205,2.2800378799438477,2.371255397796631,2.4918642044067383,2.429201126098633
1.7497445344924927,2.134171485900879,2.016376495361328,2.5308289527893066,2.1800620555877686,2.313965320587158,2.317401885986328,2.285820245742798
1.6843464374542236,2.0874109268188477,1.9523614645004272,2.734037160873413,2.1659305095672607,2.174865245819092,2.4409494400024414,2.223576784133911
1.7861425876617432,2.2155373096466064,1.7580980062484741,3.1220855712890625,2.152650833129883,2.2501237392425537,2.347569465637207,2.152721405029297
1.7200735807418823,2.460569381713867,2.097998857498169,3.1019365787506104,2.130516290664673,2.1122970581054688,2.275491714477539,2.1384499073028564
1.695642113685608,2.1522507667541504,1.693881630897522,3.2309532165527344,2.117180824279785,2.165269136428833,2.525296211242676,2.378278970718384
1.9110432863235474,2.288160562515259,1.9932167530059814,3.154695987701416,2.0939080715179443,2.1260898113250732,2.6858818531036377,2.2213776111602783
1.6638351678848267,2.1174750328063965,2.062941789627075,3.296112298965454,1.9539655447006226,2.006286144256592,2.416682004928589,2.1843278408050537
1.6815874576568604,2.3311734199523926,1.8243069648742676,3.38435697555542,2.016897678375244,2.0363264083862305,2.2332370281219482,2.246547222137451
1.6933435201644897,2.119112730026245,1.7949460744857788,3.499077558517456,2.0549914836883545,1.9901163578033447,2.2408175468444824,2.4315507411956787
1.7233887910842896,2.203765869140625,1.7573270797729492,3.4242632389068604,2.0167131423950195,1.896844506263733,2.2023377418518066,2.211089849472046
1.7503026723861694,2.2060177326202393,1.61690092086792,3.6389718055725098,2.0472257137298584,1.9389657974243164,2.1295151710510254,2.1776487827301025
1.7097370624542236,2.1274659633636475,1.7761582136154175,3.7713334560394287,2.051806688308716,1.8022507429122925,2.3092541694641113,2.1840999126434326
1.6530497074127197,2.3017542362213135,2.106393337249756,3.6845037937164307,2.065056562423706,1.932410717010498,2.16652774810791,2.129075527191162
1.7794082164764404,2.395768642425537,1.7333663702011108,3.7940514087677,2.095241069793701,1.921303629875183,2.1308445930480957,2.112950086593628
1.7027870416641235,2.3022701740264893,1.8270307779312134,3.795163869857788,2.0502121448516846,1.7785990238189697,2.464728832244873,2.1656405925750732
1.737546682357788,2.220784902572632,2.0662312507629395,3.8121414184570312,2.111386775970459,1.8328359127044678,2.1411798000335693,2.09200119972229
1.837803840637207,2.4090492725372314,1.8466596603393555,3.7626519203186035,2.170825719833374,1.8861030340194702,2.089907646179199,2.177415609359741
1.6994589567184448,2.5527565479278564,1.9596734046936035,3.713366985321045,2.2018492221832275,1.7119370698928833,1.8303722143173218,1.9824210405349731
1.7285780906677246,2.222951889038086,1.8826104402542114,3.848104476928711,2.145582675933838,1.9225322008132935,2.347071409225464,2.402841091156006
1.8220338821411133,2.6068851947784424,1.9506964683532715,3.8371992111206055,2.2850749492645264,1.8109914064407349,2.0528807640075684,2.10834002494812
1.8765144348144531,2.2968170642852783,1.7803640365600586,3.769432306289673,2.2749507427215576,1.7090578079223633,1.9684135913848877,2.1471986770629883
1.8100720643997192,2.4182324409484863,1.6850050687789917,3.794771432876587,2.4106051921844482,1.7131785154342651,2.122971773147583,2.3753905296325684
1.8325409889221191,2.1601953506469727,1.6781933307647705,3.761108160018921,2.2784245014190674,1.6957056522369385,1.9149374961853027,2.0004730224609375
1.972009301185608,2.313783645629883,1.7795511484146118,3.728290557861328,2.2306745052337646,1.7211146354675293,2.17907452583313,2.2790944576263428
1.964288592338562,2.285137891769409,1.6334774494171143,3.7174811363220215,2.4282572269439697,1.698104977607727,1.8935476541519165,2.1348414421081543
1.775012493133545,2.3546078205108643,2.1358280181884766,3.7444334030151367,2.4923107624053955,1.6787470579147339,2.2006988525390625,1.9033831357955933
1.9382792711257935,2.519148588180542,1.9171628952026367,3.788846015930176,2.4979968070983887,1.699660301208496,2.2508513927459717,2.3189690113067627
1.8109976053237915,2.4203083515167236,1.7734283208847046,3.7898366451263428,2.6112565994262695,1.6463725566864014,2.1277787685394287,1.9583187103271484
1.9499585628509521,2.7637667655944824,1.9144606590270996,3.781994342803955,2.4781806468963623,1.6713602542877197,1.8946399688720703,1.9712507724761963
1.9528565406799316,2.431854724884033,1.7352879047393799,3.790341377258301,2.5332143306732178,1.6850457191467285,2.175471305847168,2.1800897121429443
1.8617229461669922,2.6224796772003174,1.6146348714828491,3.7972748279571533,2.620645761489868,1.6273943185806274,1.8309458494186401,2.079343318939209
1.922437071800232,2.465233087539673,1.8798584938049316,3.8115577697753906,2.6860132217407227,1.665036916732788,2.0871496200561523,1.9643595218658447
1.8552589416503906,2.8146228790283203,1.684445858001709,3.8271093368530273,2.717910051345825,1.674490213394165,2.202526807785034,2.242429256439209
1.9725476503372192,2.8237509727478027,1.9886554479599,3.8182265758514404,2.6444945335388184,1.7195167541503906,1.9595757722854614,2.0774238109588623
1.9679886102676392,2.2825818061828613,1.717530369758606,3.845952272415161,2.7209057807922363,1.6570073366165161,2.069725275039673,2.177578926086426
1.903731346130371,2.4632346630096436,2.0314371585845947,3.8368468284606934,2.7602906227111816,1.6323479413986206,1.866914987564087,1.8846960067749023
1.946772575378418,2.4545066356658936,1.9084681272506714,3.853126049041748,2.695736885070801,1.6002411842346191,2.152653217315674,1.8779376745224
2.0583460330963135,2.6323156356811523,1.9636112451553345,3.837364673614502,2.6482667922973633,1.6519454717636108,1.9788029193878174,1.9835124015808105
2.0309157371520996,2.5495035648345947,1.84800386428833,3.864675283432007,2.847928762435913,1.585537314414978,1.9915916919708252,2.02738356590271
2.1054463386535645,2.3491508960723877,1.6652238368988037,3.858844518661499,3.003981113433838,1.6429743766784668,2.0484633445739746,2.4559121131896973
2.0347468852996826,2.963353157043457,1.699009895324707,3.8826546669006348,2.9002513885498047,1.6699007749557495,2.0127151012420654,1.8888496160507202
2.15999436378479,2.5731751918792725,1.756255030632019,3.8793928623199463,2.875401020050049,1.5912377834320068,1.8369147777557373,1.8213484287261963
2.103480339050293,2.5621814727783203,1.9146745204925537,3.872121810913086,3.0235800743103027,1.654036521911621,1.734480619430542,1.994765043258667
2.1106722354888916,2.4656882286071777,1.6649755239486694,3.8939874172210693,2.892561674118042,1.5549949407577515,1.8333654403686523,1.9574167728424072
2.125589370727539,2.5870261192321777,1.9150093793869019,3.9143741130828857,3.056597948074341,1.5744878053665161,1.9156261682510376,1.9167814254760742
2.074554920196533,2.6134719848632812,1.668320655822754,3.923967123031616,2.948427677154541,1.5849707126617432,2.3847572803497314,2.0336859226226807
2.10552716255188,2.561553955078125,1.6619999408721924,3.903106451034546,3.054657459259033,1.6372997760772705,1.9571757316589355,1.9500738382339478
2.2353243827819824,2.8745369911193848,1.7863085269927979,3.9127678871154785,2.9778923988342285,1.7517690658569336,1.8316057920455933,1.981582522392273
2.056746006011963,2.623394012451172,1.7885464429855347,3.9174811840057373,3.043156862258911,1.7109321355819702,1.8739149570465088,1.88296639919281
2.1210715770721436,2.570887327194214,1.7244155406951904,3.8998303413391113,3.020397186279297,1.5838812589645386,1.6481729745864868,1.8393445014953613
2.0759971141815186,2.4658875465393066,1.6016602516174316,3.923231840133667,3.1868858337402344,1.5659362077713013,1.7662620544433594,2.027233839035034
2.1069564819335938,2.622082233428955,1.858317494392395,3.9245755672454834,3.113239288330078,1.6079323291778564,1.7369706630706787,1.8450528383255005
2.1967289447784424,2.36334490776062,1.8121299743652344,3.939056873321533,3.1462209224700928,1.6194595098495483,1.8253933191299438,1.9624930620193481
2.223179578781128,2.7499492168426514,1.6548913717269897,3.933025360107422,3.1117398738861084,1.5953439474105835,2.0907444953918457,2.3387551307678223
2.1651713848114014,2.6016550064086914,1.5804773569107056,3.9141550064086914,3.160029888153076,1.6447288990020752,2.0449702739715576,1.9076597690582275
2.1582651138305664,2.4562838077545166,1.8136359453201294,3.94343900680542,3.123638153076172,1.5979167222976685,1.8589050769805908,1.9677928686141968
2.2429940700531006,2.5062308311462402,1.7909550666809082,3.9487175941467285,3.205477714538574,1.6880569458007812,1.7833644151687622,1.883115530014038
2.252990961074829,2.6430163383483887,1.802290916442871,3.9529781341552734,3.211095094680786,1.6824376583099365,1.783208966255188,1.8769093751907349
2.3014585971832275,2.5202741622924805,1.7984046936035156,3.9506328105926514,3.2333850860595703,1.693809151649475,1.993806004524231,1.9142526388168335
2.2622461318969727,2.517745018005371,1.5480924844741821,3.945452928543091,3.2025046348571777,1.6022169589996338,1.7126691341400146,1.8803784847259521
2.3789455890655518,2.6642916202545166,1.5383648872375488,3.9564287662506104,3.2201969623565674,1.5686943531036377,1.8810083866119385,1.9419069290161133
2.308393716812134,2.482152223587036,1.923417091369629,3.9664292335510254,3.2183539867401123,1.6805849075317383,1.9876749515533447,1.9024686813354492
2.380098342895508,2.9027678966522217,1.9242331981658936,3.974999189376831,3.222916603088379,1.5989457368850708,1.8092904090881348,1.9460464715957642
2.375006675720215,2.8327157497406006,1.9307363033294678,3.961446762084961,3.1610443592071533,1.6617388725280762,1.623843789100647,1.8318073749542236
2.331101417541504,2.6299757957458496,1.9490636587142944,3.9635419845581055,3.2172117233276367,1.6288901567459106,1.7456823587417603,2.0294108390808105
2.3730762004852295,2.5781660079956055,1.8222341537475586,3.9614174365997314,3.191150426864624,1.6109179258346558,1.6782550811767578,1.919055461883545
2.3801791667938232,2.634197950363159,1.7097923755645752,3.969680070877075,3.21551251411438,1.7082425355911255,1.7125881910324097,1.9973160028457642
2.450355052947998,3.2263269424438477,1.9054491519927979,3.9836623668670654,3.197653293609619,1.862625002861023,1.842311143875122,2.0994532108306885
2.3478949069976807,2.6889193058013916,1.702648401260376,3.979159355163574,3.21311092376709,1.577229619026184,1.80008864402771,1.9990663528442383
2.3780765533447266,2.681403875350952,1.5032036304473877,3.989173412322998,3.2106196880340576,1.6186603307724,1.8099651336669922,2.04447865486145
2.4704151153564453,2.5478601455688477,1.5581560134887695,3.982884645462036,3.2150771617889404,1.6568772792816162,1.7394341230392456,1.9149397611618042
2.340702772140503,2.8623597621917725,1.7769253253936768,3.9903275966644287,3.215026617050171,1.6356877088546753,1.7492257356643677,2.0079240798950195
2.445375680923462,2.5158843994140625,1.5991796255111694,4.007900714874268,3.227764368057251,1.7369352579116821,1.752264380455017,2.0274124145507812
2.4436349868774414,2.6693053245544434,1.6676198244094849,4.00723123550415,3.2274582386016846,1.6531811952590942,2.0181968212127686,2.0709500312805176
2.45534348487854,2.7440147399902344,1.8555471897125244,3.9854819774627686,3.21964955329895,1.6026040315628052,1.5879571437835693,1.9728307723999023
2.477417230606079,3.003614664077759,1.677709698677063,4.010567665100098,3.240408182144165,1.6993446350097656,1.6231892108917236,1.8693652153015137
2.4411072731018066,2.648695707321167,1.8222880363464355,4.0028557777404785,3.2519447803497314,1.6857222318649292,1.7095752954483032,2.0867514610290527
2.506777286529541,2.5894737243652344,1.6465001106262207,4.0202531814575195,3.245997667312622,1.6729323863983154,1.7635618448257446,1.9013978242874146
2.5225908756256104,2.525036096572876,2.349828004837036,4.000114917755127,3.249401569366455,1.741753101348877,1.5754793882369995,1.988415002822876
2.5607948303222656,2.5832924842834473,1.683083176612854,4.0012688636779785,3.2562830448150635,1.6458159685134888,1.668652892112732,1.935101866722107
2.6149518489837646,2.573087453842163,1.7262972593307495,4.001122951507568,3.2655138969421387,1.7404265403747559,1.6568695306777954,1.7275385856628418
2.5587754249572754,2.505031108856201,1.563521146774292,4.0063629150390625,3.274252414703369,1.7307347059249878,1.623774766921997,2.0148022174835205
2.579869270324707,2.5055160522460938,1.6846249103546143,4.019914627075195,3.280090570449829,1.7463476657867432,1.647621989250183,1.912705421447754
2.5787124633789062,2.638676166534424,1.7453932762145996,4.029616832733154,3.2823026180267334,1.7570226192474365,1.6884427070617676,1.9889968633651733
2.5723679065704346,2.7192513942718506,1.66047203540802,4.024843215942383,3.29559063911438,1.736541748046875,1.6918667554855347,1.8719574213027954
2.6556479930877686,2.6205694675445557,1.784006953239441,4.018257141113281,3.2895662784576416,1.732577919960022,1.5502158403396606,1.8604280948638916
2.5753426551818848,2.7133100032806396,1.5906683206558228,4.014752388000488,3.294269561767578,1.7561843395233154,1.6231350898742676,1.9674298763275146
2.605388641357422,2.509392023086548,1.7354546785354614,4.027584552764893,3.3152427673339844,1.6931872367858887,1.6213971376419067,1.9062210321426392
2.557450532913208,2.5836877822875977,1.6343313455581665,4.019587993621826,3.3090198040008545,1.7279101610183716,1.7604589462280273,1.8961337804794312
2.5927889347076416,2.5243167877197266,1.4290597438812256,4.036181926727295,3.313647508621216,1.7458679676055908,1.583495020866394,1.9586665630340576
2.6169323921203613,2.6854593753814697,1.6044739484786987,4.021422863006592,3.319350004196167,1.7100971937179565,1.6069586277008057,1.792478084564209
2.683992624282837,2.9597699642181396,1.776924967765808,4.0431694984436035,3.33947491645813,1.78578782081604,1.6104828119277954,1.8422819375991821
2.6476447582244873,2.5350940227508545,1.4962702989578247,4.026600360870361,3.3203787803649902,1.821624517440796,1.5195502042770386,1.9977401494979858
2.6135871410369873,2.61603045463562,1.6667016744613647,4.035493850708008,3.336703062057495,1.7656021118164062,1.4558812379837036,1.8995435237884521
2.623222827911377,2.3858988285064697,1.586625576019287,4.0637030601501465,3.3362233638763428,1.7765909433364868,1.7771061658859253,2.023569107055664
2.663506507873535,2.8141281604766846,1.8104010820388794,4.043713569641113,3.3409690856933594,1.757127285003662,1.7436903715133667,2.0175721645355225
2.649991989135742,2.364220142364502,1.690941333770752,4.04972505569458,3.343271017074585,1.8399658203125,1.4906346797943115,1.826345443725586
2.7408604621887207,2.5821263790130615,1.5340485572814941,4.02909517288208,3.334193706512451,1.8373485803604126,1.510204792022705,2.0012900829315186
2.723679780960083,2.4656553268432617,1.4876153469085693,4.045260429382324,3.341385841369629,1.8077234029769897,1.5825855731964111,1.8630589246749878
2.7511143684387207,2.536128520965576,1.6037230491638184,4.037717819213867,3.3423659801483154,1.9114476442337036,1.4195795059204102,1.8232333660125732
2.731356143951416,2.4684128761291504,1.5102545022964478,4.0384345054626465,3.3449230194091797,1.8148386478424072,1.5765353441238403,1.8802112340927124
2.7496562004089355,2.565290689468384,1.6350703239440918,4.045478820800781,3.3489818572998047,1.882277488708496,1.5928609371185303,1.8671104907989502
2.8021674156188965,2.550032377243042,1.4322501420974731,4.045431137084961,3.347386598587036,1.8284327983856201,1.6615147590637207,1.9082438945770264
2.8001773357391357,2.601492404937744,1.5163382291793823,4.060978889465332,3.3569905757904053,1.8731495141983032,1.5322489738464355,1.9616202116012573
2.7260613441467285,2.5545809268951416,1.5349217653274536,4.050952434539795,3.3614022731781006,1.9063431024551392,1.4374585151672363,1.8657249212265015
2.759049415588379,2.771402359008789,1.6496812105178833,4.0577826499938965,3.368922233581543,1.880719542503357,1.508786916732788,1.940615177154541
2.7635293006896973,2.4424233436584473,1.5691591501235962,4.039207458496094,3.36014986038208,1.8267878293991089,1.471557378768921,1.8705745935440063
2.7546236515045166,2.3666093349456787,1.6530067920684814,4.052953720092773,3.364405393600464,1.9164104461669922,1.4443084001541138,1.956695318222046
2.8384265899658203,2.186333656311035,1.438483715057373,4.055421352386475,3.3654491901397705,1.913245677947998,1.5358800888061523,1.9270886182785034
2.812548875808716,2.0309152603149414,1.5360195636749268,4.054688930511475,3.3649632930755615,1.8915294408798218,1.396401286125183,1.8654835224151611
2.873211622238159,1.9281085729599,1.7462620735168457,4.071318626403809,3.3829967975616455,1.8732720613479614,1.4498324394226074,2.088355302810669
2.7725515365600586,1.883102297782898,1.7061982154846191,4.044647693634033,3.3664000034332275,1.9237135648727417,1.4660085439682007,1.9385051727294922
2.8033859729766846,1.8545093536376953,1.4763565063476562,4.063300132751465,3.3828506469726562,1.91305410861969,1.3769593238830566,1.9859726428985596
2.790576934814453,1.8315714597702026,1.5383296012878418,4.0458526611328125,3.3720433712005615,1.8901386260986328,1.4231464862823486,1.948778510093689
2.7972218990325928,1.8172246217727661,1.5813407897949219,4.052584171295166,3.3790054321289062,1.9465889930725098,1.382880687713623,1.8455761671066284
2.813157320022583,1.800426721572876,1.5447839498519897,4.069124698638916,3.3914873600006104,1.921960473060608,1.6552034616470337,1.8943581581115723
2.813274383544922,1.7875609397888184,1.6170802116394043,4.061389923095703,3.3701717853546143,1.9425135850906372,1.3929462432861328,1.9339097738265991
2.837954521179199,1.7815780639648438,1.5273150205612183,4.056253910064697,3.3734023571014404,1.9012595415115356,1.3780028820037842,1.8765356540679932
2.8572440147399902,1.7744355201721191,1.5747989416122437,4.065227031707764,3.3916006088256836,1.9610952138900757,1.4723176956176758,1.8784044981002808
2.824174404144287,1.771087408065796,1.5025267601013184,4.0589599609375,3.3853647708892822,1.9561429023742676,1.3754842281341553,1.830824613571167
2.868417739868164,1.768316388130188,1.422826886177063,4.091155529022217,3.394829511642456,1.944561243057251,1.3714308738708496,1.8271962404251099
2.838862419128418,1.7646952867507935,1.491334080696106,4.056650638580322,3.3897855281829834,1.9231288433074951,1.3145591020584106,1.796157717704773
2.859025239944458,1.772660493850708,1.4947764873504639,4.063130855560303,3.391853094100952,1.9792734384536743,1.3595349788665771,1.8747366666793823
2.8621861934661865,1.770111083984375,1.506428599357605,4.079183101654053,3.3975584506988525,1.9615845680236816,1.3267251253128052,1.7759042978286743
2.860628366470337,1.7607388496398926,1.4932574033737183,4.070404052734375,3.3921210765838623,1.9830554723739624,1.267119288444519,1.794114589691162
2.8519725799560547,1.7682706117630005,1.4515084028244019,4.060685157775879,3.3950159549713135,2.0106329917907715,1.424836277961731,1.818208932876587
2.8604164123535156,1.77165949344635,1.6176347732543945,4.074375629425049,3.400710344314575,2.0081467628479004,1.3112525939941406,1.8246632814407349
2.8390235900878906,1.773602843284607,1.5694167613983154,4.074028968811035,3.40545392036438,2.004636526107788,1.2544304132461548,1.7936220169067383
2.8631701469421387,1.7767003774642944,1.496017575263977,4.073229789733887,3.4047253131866455,2.012139320373535,1.3470308780670166,1.754187822341919
2.885702610015869,1.776969075202942,1.5487357378005981,4.057576656341553,3.395826578140259,2.030491352081299,1.3255417346954346,1.7311302423477173
2.871634006500244,1.7734171152114868,1.4561914205551147,4.07191801071167,3.4061810970306396,2.035729169845581,1.2972626686096191,1.7317097187042236
2.874608039855957,1.7831194400787354,1.4518005847930908,4.0827155113220215,3.3974475860595703,2.0618700981140137,1.3157265186309814,1.7118308544158936
2.868216037750244,1.787853717803955,1.5141054391860962,4.0952630043029785,3.417177200317383,2.0416641235351562,1.270186424255371,1.6831327676773071
2.8509411811828613,1.79429292678833,1.4868078231811523,4.065713405609131,3.407890558242798,2.0452558994293213,1.2676833868026733,1.6708519458770752
2.8881800174713135,1.7984280586242676,1.4731501340866089,4.0841898918151855,3.4124772548675537,2.06744384765625,1.2843058109283447,1.6571241617202759
2.8785881996154785,1.7961878776550293,1.3954414129257202,4.061204433441162,3.4099061489105225,2.0565154552459717,1.2708029747009277,1.6556895971298218
2.8939383029937744,1.7989062070846558,1.5071977376937866,4.074891090393066,3.4122202396392822,2.0653769969940186,1.2591654062271118,1.6392749547958374
2.9068098068237305,1.8055800199508667,1.380381464958191,4.0876545906066895,3.410555362701416,2.067838191986084,1.2804863452911377,1.6327236890792847
2.9101293087005615,1.8081340789794922,1.4430445432662964,4.083280563354492,3.4144082069396973,2.064807415008545,1.248056173324585,1.6291269063949585
2.892422676086426,1.8207132816314697,1.3867427110671997,4.0733513832092285,3.4120922088623047,2.0955355167388916,1.2757512331008911,1.6297932863235474
2.899678945541382,1.8147120475769043,1.4274201393127441,4.076712131500244,3.4065237045288086,2.100644826889038,1.2357816696166992,1.63532555103302
2.8900699615478516,1.820398211479187,1.4288328886032104,4.076718807220459,3.410595655441284,2.0840156078338623,1.239011526107788,1.631590723991394
2.913339853286743,1.8227378129959106,1.4286409616470337,4.070656776428223,3.416360855102539,2.0961315631866455,1.227387547492981,1.6213346719741821
2.9092965126037598,1.8227163553237915,1.4539874792099,4.087183952331543,3.4219019412994385,2.107426881790161,1.2215341329574585,1.6249914169311523
2.9096217155456543,1.8305469751358032,1.4227120876312256,4.084739685058594,3.4180378913879395,2.1007158756256104,1.1866577863693237,1.625921607017517
2.9138100147247314,1.8280194997787476,1.4127330780029297,4.090072154998779,3.421024799346924,2.095168352127075,1.224765419960022,1.6136847734451294
2.9068799018859863,1.8352339267730713,1.4218111038208008,4.080926418304443,3.4220709800720215,2.1060433387756348,1.2502753734588623,1.6207536458969116
2.8839221000671387,1.8301472663879395,1.4622503519058228,4.070252418518066,3.4067070484161377,2.0925986766815186,1.2095519304275513,1.6158157587051392
2.900949478149414,1.8345378637313843,1.4237136840820312,4.079570770263672,3.4133636951446533,2.108299970626831,1.1865068674087524,1.611938238143921
2.90817928314209,1.8431354761123657,1.4175132513046265,4.0862836837768555,3.420757293701172,2.1091601848602295,1.1989318132400513,1.6171479225158691
2.9080440998077393,1.8410354852676392,1.3815656900405884,4.0755438804626465,3.4122323989868164,2.1047613620758057,1.180503249168396,1.6144641637802124
2.917253255844116,1.8449077606201172,1.4001647233963013,4.086756706237793,3.413816213607788,2.100623369216919,1.1648308038711548,1.6154369115829468
2.9009807109832764,1.8441689014434814,1.3798202276229858,4.072486400604248,3.41392183303833,2.1034109592437744,1.169540286064148,1.6146516799926758
2.914813995361328,1.8452941179275513,1.3579504489898682,4.07926607131958,3.4239537715911865,2.112813949584961,1.1804090738296509,1.6134752035140991
2.9092702865600586,1.8504667282104492,1.3811713457107544,4.075150012969971,3.424325704574585,2.135999917984009,1.1888577938079834,1.6163843870162964
2.9212827682495117,1.8531708717346191,1.3691548109054565,4.087777137756348,3.430345296859741,2.1317901611328125,1.1556316614151,1.6158941984176636
2.923563003540039,1.8546419143676758,1.3720544576644897,4.080262184143066,3.4236409664154053,2.1288363933563232,1.159114956855774,1.6129248142242432
2.9193007946014404,1.8501702547073364,1.372037410736084,4.090321063995361,3.421527624130249,2.1429057121276855,1.1614214181900024,1.616188645362854
2.90993595123291,1.8525054454803467,1.3739532232284546,4.072084903717041,3.4126038551330566,2.1276907920837402,1.1586984395980835,1.6147246360778809
2.9177823066711426,1.8568930625915527,1.3799774646759033,4.081026554107666,3.4195773601531982,2.1402223110198975,1.192183017730713,1.6184768676757812
2.915529727935791,1.8540374040603638,1.374335527420044,4.077576637268066,3.417494535446167,2.1321351528167725,1.1653119325637817,1.616835355758667
2.90861439704895,1.8560327291488647,1.3656885623931885,4.085650444030762,3.4210777282714844,2.1389408111572266,1.1618283987045288,1.6177431344985962
2.90254807472229,1.8556729555130005,1.3682749271392822,4.078708648681641,3.4223756790161133,2.128514528274536,1.1571502685546875,1.6161326169967651
2.8955025672912598,1.8553158044815063,1.3701956272125244,4.076288223266602,3.413637399673462,2.132535219192505,1.1534364223480225,1.615488886833191
2.9141323566436768,1.8582342863082886,1.3626266717910767,4.0904316902160645,3.4256503582000732,2.1447668075561523,1.1489626169204712,1.619059443473816
2.9115467071533203,1.861007571220398,1.3630414009094238,4.082979202270508,3.4272007942199707,2.148756504058838,1.1542483568191528,1.618386149406433
2.9115941524505615,1.8601630926132202,1.3623309135437012,4.0767741203308105,3.4241890907287598,2.13942289352417,1.15096116065979,1.6201050281524658
2.911734104156494,1.8595044612884521,1.3634802103042603,4.084086894989014,3.4241983890533447,2.1486542224884033,1.1496200561523438,1.6198687553405762
2.900853395462036,1.8599151372909546,1.3616927862167358,4.0696916580200195,3.4212894439697266,2.137587547302246,1.142435073852539,1.611544132232666
2.912604331970215,1.8631597757339478,1.3656318187713623,4.078125,3.419248342514038,2.146711587905884,1.1480146646499634,1.6190712451934814
2.9071176052093506,1.8637778759002686,1.364923357963562,4.082980632781982,3.419802665710449,2.145524501800537,1.1538537740707397,1.6172105073928833
2.9186229705810547,1.8638834953308105,1.3626232147216797,4.083930015563965,3.419121742248535,2.142810583114624,1.1425435543060303,1.619278907775879
2.9184117317199707,1.860888957977295,1.3595259189605713,4.082479000091553,3.4218873977661133,2.1421971321105957,1.149847388267517,1.6198153495788574
2.91620135307312,1.863614797592163,1.364122986793518,4.0886383056640625,3.427421808242798,2.1431376934051514,1.1424869298934937,1.6207540035247803
2.902160167694092,1.8618733882904053,1.3632466793060303,4.074925899505615,3.4251644611358643,2.1295084953308105,1.1444628238677979,1.6192986965179443
2.9152166843414307,1.865569829940796,1.364452600479126,4.086981296539307,3.4262304306030273,2.14503812789917,1.148253321647644,1.6202622652053833
2.9074385166168213,1.8606960773468018,1.3577228784561157,4.079324722290039,3.414525270462036,2.1357100009918213,1.1442127227783203,1.6177021265029907
2.9070968627929688,1.8694751262664795,1.3607388734817505,4.088573455810547,3.4237351417541504,2.1357510089874268,1.1473536491394043,1.6232068538665771
2.923038959503174,1.8651058673858643,1.3595683574676514,4.084481239318848,3.4242818355560303,2.147115707397461,1.1483473777770996,1.619095802307129
2.9225547313690186,1.866269826889038,1.3581823110580444,4.09254789352417,3.4272799491882324,2.140604257583618,1.1459628343582153,1.6207584142684937
2.9089698791503906,1.8660913705825806,1.358083963394165,4.079470157623291,3.425107717514038,2.132486581802368,1.1433794498443604,1.6207919120788574
2.9137322902679443,1.8632036447525024,1.3603183031082153,4.068048477172852,3.415578842163086,2.1378231048583984,1.1473833322525024,1.618019700050354
2.901857614517212,1.8606261014938354,1.3641595840454102,4.08543586730957,3.4222874641418457,2.1355159282684326,1.1483007669448853,1.6184422969818115
